source,requestedUrl,finalUrl,status,fetchMs,title,description,h1,h2Count,wordCount,internalLinks,externalLinks,schemaTypes,hasFaqText,hasPriceText,hasReviewText,hasTrustEvidenceText,headings
live organic,https://www.anadolunakliyat.gen.tr/,https://www.anadolunakliyat.gen.tr/,200,314,Ankara Evden Eve Nakliyat - Sigortalı & Asansörlü - %35 İndirim ANADOLU ®,"Ankara Evden Eve Nakliyat ihtiyaçlarınızda asansörlü, sigortalı ve ambalajlı taşıma hizmeti. 2026 güncel fiyatlar ve Anadolu Nakliyat güvencesiyle hemen teklif alın.",Ankara Evden Eve Nakliyat,8,1212,10,6,Place | GeoCoordinates | PostalAddress | ImageObject | WebSite | SearchAction | WebPage | MovingCompany | OpeningHoursSpecification | ContactPoint,true,true,false,true,2:Ankara Nakliyat | 1:Ankara Evden Eve Nakliyat | 2:Ankara Evden Eve Nakliyat Süreci: Eşyalarınızı Nasıl Taşıyoruz? | 3:1. Ücretsiz Ekspertiz ve Planlama | 3:2. Profesyonel Ambalajlama ve Paketleme | 3:3. Asansörlü Nakliyat ile Yüksek Katlara Transfer | 2:Ankara'nın Her Noktasında Uzman Lojistik Çözümler | 3:Ev Eşyası Taşımacılığında Uzmanlık | 3:Ankara Evden Eve Taşıma Hizmetlerimiz | 3:Evden Eve Nakliyat | 3:Şehirler Arası Nakliyat | 3:Asansörlü Nakliyat | 3:Eşya Depolama | 3:Şehir İçi Nakliyat | 3:Ofis & Büro Taşıma | 3:Ankara Evden Eve Nakliyat Fiyatları 2026 | 3:Nakliyat Fiyatları Nasıl Belirlenir? | 3:Stressiz Bir Taşınma İçin Adım Adım Kontrol Listesi | 2:Sıkça Sorulan Sorular (SSS) | 3:Ankara evden eve nakliyat fiyatları ortalama ne kadar? | 3:Taşıma sırasında eşyalarım sigortalanıyor mu? | 3:Asansörlü taşıma her bina için uygun mu? | 3:Adres | 3:İletişim Bilgileri | 3:24/7 Açık | 2:Hizmetlerimiz | 2:Çalışma Saati | 2:Faydalı Linkler | 2:Ankara Evden Eve Nakliyat - Copyright © 2020 Anadolu Evden Eve Nakliyat Tüm hakları saklıdır. Yasal Uyarı – Kullanıcı Sözleşmesi – Gizlilik Politikası – KVKK – Site Map
live organic,https://www.ankaraevdenevenakliyat.com.tr/,https://www.ankaraevdenevenakliyat.com.tr/,200,279,Ankara Evden Eve Nakliyat | Ankara Nakliyat Firmaları,"Ankara Nakliyat, yılların verdiği tecrübe ile evden eve asansörlü nakliyat hizmetleriyle Ankara",,8,804,45,4,,false,true,true,true,2:Ankara ve Türkiye'nin Öncü Nakliyat Firması | 2:Hizmetlerimiz | 3:Şehirler Arası Nakliyat | 3:Ankara Nakliyat | 2:Ambalajlama & Paketleme | 2:Geniş Araç Filosu | 2:İhtiyaca Yönelik Çözümler | 3:Ankara Evden Eve Nakliyat | 2:Blog Yazılarımız | 3:Ankara içi nakliye işleri | 3:Ankara evden eve taşımacılık | 3:Ankara evden eve nakliyat firması seçimi | 3:Taşınırken eşyalar nasıl paketlenmeli? | 3:Şehirler arası nakliyeci nasıl seçilir? | 3:Eksper nedir ne işe yarar? | 3:Taşınırken pratik ev toplama teknikleri nelerdir? | 3:İş yeri nakliyesi yaparken nelere dikkat edilmelidir? | 3:Evden eve nakliyat firması seçerken nelere dikkat edilmelidir? | 2:Neden Ankara Evden Eve Nakliyat? | 3:Profesyonellik | 3:20 Yıllık Deneyim | 3:Ekonomik Fiyatlar | 2:Referanslarımız | 3:Diğer | 3:Hizmetlerimiz | 3:Adres ve İletişim | 3:Sosyal Medya
live organic,https://www.protrans.com.tr/,https://www.protrans.com.tr/,200,699,Evden Eve Nakliyat | Ankara - İstanbul ve İzmir ProTrans,Ankara Evden Eve Nakliyat Firması Protrans Sigortalı Güvenilir Hizmet ve İndirimli Fiyatlar,Ankara Evden Eve Nakliyat,3,3023,34,10,Organization | ContactPoint,false,true,true,true,1:Ankara Evden Eve Nakliyat | 2:EVDEN EVE NAKLİYAT | 2:ULUSLARARASI TAŞIMACILIK | 2:EŞYA DEPOLAMA MERKEZİ | 3:NAKLİYAT YAPARKEN NELERE DİKKAT EDİLMELİ? | 3:Ankara Evden Eve Nakliyat | 3:Ankara Evden Eve Nakliyat Firması Tavsiye | 3:İzmir Evden Eve Nakliyat | 3:Ankara Şehirlerarası Nakliye | 3:İstanbul Evden Eve Nakliyat | 3:Ankara Eşya Depolama
live organic,https://www.dehanakliyat.com.tr/,https://www.dehanakliyat.com.tr/,200,636,Ankara Evden Eve Nakliyat | %100 Başarılı Nakliye Deha Nakliyat'ta,Ankara evden eve nakliyat işlerinde Ankara'nın en çok tavsiye edilen Ankara nakliyat şirketi. Evden eve nakliye işlemlerinde en iyi %100 garantili taşıma.,Ankara Evden Eve Nakliyat,3,1570,47,7,Product | ImageObject | AggregateRating | Brand | Offer | FAQPage | Question | Answer | ItemList | ListItem | WebPage | Webpage | WebPageElement | WebSite | Organization | localBusiness | PostalAddress | SearchAction | Action | LocalBusiness | Person | ContactPoint | GeoCoordinates | OpeningHoursSpecification | DayOfWeek,true,true,true,true,1:Ankara Evden Eve Nakliyat | 2:Ankara Evden Eve Nakliyat Nasıl Kolaylaşıyor? | 2:Ankara Evden Eve Nakliyat Teklifi Alın | 2:Ankara Evden Eve Nakliyat Firmaları | 3:Ankara Evden Eve Nakliyat Fiyatları İndirimli | 3:Ankara Evden Eve Nakliyat Hizmetinde Güvenli Nakliye ile Taşının | 3:Ankara Evden Eve Nakliyat Tavsiye - %99 Müşteri Memnuniyeti | 3:Ankara Evden Eve Nakliyat Hizmetinde Profesyonel Çözümler. | 3:Sıkça Sorulan Sorular | 3:Ankara Hizmet Bölgeleri | 3:Bizden Haberler
related commercial SERP,https://www.expernakliyat.com/,https://www.expernakliyat.com/,200,448,Ankara Evden Eve Nakliyat | Asansörlü Taşıma | Exper Nakliyat,"Ankara evden eve nakliyat ihtiyaçlarında güvenilir çözümler. Asansörlü, K3 belgeli, sigortalı ve %100 hasarsız nakliyat garantisi. İndirimli fiyat için tıkla!",Ankara Evden Eve Nakliyat,30,1026,27,4,Place | GeoCoordinates | PostalAddress | WebSite | SearchAction | WebPage | Service | Offer,false,true,true,true,2:Ankara Evden Eve Nakliyat | 2:0530 285 00 56 | 3:info@expernakliyat.com | 1:Ankara Evden Eve Nakliyat | 2:Anasayfa | 2:Sigortalı Nakliyat | 2:Yeni Nesil Taşımacılık | 2:Uzman Personeller | 2:Ankara Evden Eve Nakliyat ve Şehirler Arası Taşımacılık | 2:Müşteri Odaklı Planlama | 2:Yerinde Ekspertiz Hizmeti | 2:Zamanında Güvenli Teslimat | 2:Ankara’da Her İhtiyaca Uygun Nakliyat Hizmetleri | 2:Ankara Evden Eve Nakliyat | 2:Ankara Asansörlü Nakliyat | 2:Ankara Şehir İçi Nakliyat | 2:Ankara Eşya Paketleme | 2:Ankara Parça Eşya Taşıma | 2:Ankara Ofis Taşımacılığı | 2:Ankara evden eve nakliyat ve diğer hizmetlerimiz için bizimle hemen iletişime geçin! | 2:Tüm Nakliyat Talepleri için | 2:Ekibimize Hemen Ulaşın | 2:0530 285 00 56 | 2:0312 375 21 96 | 2:Ankara Evden Eve Taşımacılık Süreçlerimiz | 3:Randevu | 3:Memnun Müşteri | 3:Başarılı Nakliyat | 3:Eşya Paketleme | 2:Müşterilerimiz Ne Diyor?
related commercial SERP,https://otasnakliyat.com.tr/,https://otasnakliyat.com.tr/,200,1107,Ankara Evden Eve Nakliyat | 2007’den Beri | Otaş Nakliyat,"Ankara evden eve nakliyat ve Ankara nakliyat hizmetinde 2007’den beri Çankaya merkezli operasyon: asansörlü nakliyat, şehirler arası taşıma, tayin taşımacılığı, eşya depolama. Tüm ilçelerde güncel fiyat ve net teklif.",Ankara Evden Eve Nakliyat ve Şehirler Arası Taşıma,16,2648,66,2,MovingCompany | Country | PostalAddress | GeoCoordinates | OpeningHoursSpecification | WebSite | WebPage | SpeakableSpecification | FAQPage | Question | Answer,true,true,true,true,"1:Ankara Evden Eve Nakliyat ve Şehirler Arası Taşıma | 2:Hızlı Teklif Alın | 2:Ankara’nın Her İlçesinde Evden Eve Nakliyat | 3:İlçenize Özel Nakliyat Sayfaları | 3:Ankara Nakliyat Hizmetleri | 2:Taşınmanın Her Adımı için Profesyonel Çözümler | 3:Evden Eve Nakliyat | 3:Şehirler Arası Nakliyat | 3:Asansörlü Nakliyat | 3:Tayin Taşımacılığı | 3:Kamu Personeli Ev Taşıma | 3:Ankara Eşya Depolama | 3:Ofis Taşıma | 3:Paketleme ve Montaj | 2:Tayin Döneminde Evinizi Değil, Düzeninizi Taşıyoruz | 2:Ev Taşıma Fiyatları Neye Göre Belirlenir? | 2:Ankara Eşya Depolama ve Ev Eşyası İçin Güvenli Depo Desteği | 2:Neden Otaş Nakliyat? | 3:Yıllara Dayanan Taşıma Deneyimi | 3:Ankara Merkezli Planlama | 3:Tayin Sürecini Bilen Yaklaşım | 3:Net Teklif ve Şeffaf Süreç | 3:Asansörlü ve Depolamalı Çözümler | 3:Türkiye Geneli Organizasyon | 2:Otaş Nakliyat Güven Unsurları | 2:Kimler İçin, Hangi Taşımaları Yapıyoruz? | 2:Müşterilerimizin Değerlendirmeleri | 3:Deneyiminizi paylaşın | 2:Yıllar Sonra Yeniden Aranmak, En Büyük Referansımız | 2:Taşınma Süreci: Ön Görüşmeden Teslimata"
related commercial SERP,https://ankaraasansorlunakliyat.com/,https://ankaraasansorlunakliyat.com/,200,1408,Ankara Asansörlü Nakliyat – Asansörlü nakliye,,Ankara’da Modern Asansörlü Nakliyat Hizmetleri,6,284,5,0,,false,false,true,true,1:Ankara’da Modern Asansörlü Nakliyat Hizmetleri | 2:Ankara Asansörlü Nakliyat Hakkında | 2:Sunulan Ana Hizmetlerimiz | 3:Şehir İçi Taşımacılık | 3:Şehirlerarası Taşımacılık | 3:Ofis Taşımacılığı | 2:Hemen Bizimle İletişime Geçin | 2:Neden Biz? | 3:Güvenilir Ekip | 3:Hızlı ve Güvenilir | 3:Müşteri Memnuniyeti | 2:Müşteri Yorumları | 2:Hızlı ve Güvenilir Taşımacılık İçin Bizimle İletişime Geçin | 3:Ücretsiz Danışmanlık? +90 534 891 64 73
live paid competitor,https://www.movernakliyat.com.tr/hizmetler/ankara-evden-eve-nakliyat,https://movernakliyat.com.tr/hizmetler/ankara-evden-eve-nakliyat?slug=ankara-evden-eve-nakliyat,200,1055,Mover Nakliyat - Ankara Evden Eve Nakliyat Hizmeti,"Mover Nakliyat; Ankara ilinde planlı paketleme, kapalı kasa araçla taşıma ve montaj dahil evden eve nakliyat hizmeti sunar. Güvenli ambalajlama ve şeffaf fiyatlandırma.",Ankara Evden Eve Nakliyat,9,690,18,3,PostalAddress | ImageObject | WebSite | Service | BreadcrumbList | ListItem,false,true,false,true,"1:Ankara Evden Eve Nakliyat | 2:Planlama ve ekspertiz | 2:Paketleme ve ambalajlama | 2:Taşıma araçları ve ekipman | 2:Yükleme, taşıma ve boşaltma süreci | 2:Kurulum ve montaj | 2:Müşteri desteği, sigorta ve güvence | 2:Fiyatlandırma ve ek hizmetler | 3:Ankara Evden Eve Nakliyat için ücretsiz keşif ve net fiyat | 3:Ücretsiz Teklif Alın | 3:Diğer Hizmetler | 2:Diğer Hizmetlerimiz | 3:Ankara Asansörlü Nakliyat | 3:Ankara Şehir İçi Nakliyat | 3:Ankara Şehirler Arası Nakliyat | 2:Altındağ Nakliyat Çözüm Ortağı"
live paid competitor,https://www.ankaraasyanakliyat.com.tr/ankara/ankara/,https://ankaraasyanakliyat.com.tr/ankara/ankara/,404,1297,Sayfa bulunamadı – ANKARA ASYA NAKLİYAT,,404,0,207,11,2,,false,false,false,true,1:404
live local pack,https://luxvipnakliyat.com.tr/,https://luxvipnakliyat.com.tr/,200,629,Ankara Lüx Vip Nakliyat® | Asansörlü Ev - Ofis Taşıma,"Hayatınızın yeni dönemine adım atarken, ilk ev taşıma deneyiminiz sizin için heyecan verici olduğu kadar stresli de olabilir. Ankara Lüx VIP Evden Eve Nakliyat olarak, bu süreci aileniz için zahmetsiz, güvenilir ve konforlu hale getirmeyi hedefliyoruz",Eşsiz Taşımacılık Hizmeti,8,769,33,10,,false,true,false,true,1:Eşsiz Taşımacılık Hizmeti | 1:Asansörlü Ev Ofis Taşıma! | 1:HİZMETLERİMİZ | 3:EVDEN EVE NAKLİYAT | 3:OFİS TAŞIMACILIĞI | 3:DEPOLAMA HİZMETİ | 3:ASANSÖRLÜ TAŞIMACILIK | 3:ŞEHİR İÇİ NAKLİYAT | 3:ŞEHİRLER ARASI NAKLİYAT | 1:Sistem Üzerinden Kısa Bir Form Yardımı İle Teklif Talebi Oluşturabilirsiniz. | 1:HİZMET VERDİĞİMİZ BÖLGELER | 3:Ege Bölgesi | 3:Marmara Bölgesi | 3:Trakya Bölgesi | 3:Karadeniz Bölgesi | 3:İç Anadolu Bölgesi | 3:Akdeniz Bölgesi | 3:Güneydoğu Anadolu Bölgesi | 3:Doğu Anadolu Bölgesi | 1:MÜŞTERİ YORUMLARI | 1:BLOG / DUYURU | 3:Eşyalarınızı Güvenle Taşımanın İpuçları: | 3:Nakliyat Firması Seçerken Nelere Dikkat Etmelisiniz? | 3:Nakliyat Sigortası: Eşyalarınızı Korumanın Önemi | 2:7 | 2:25 | 2:81 | 2:4537 | 2:Güvenilir Hizmet Anlayışı | 2:Uygun Fiyat Garantisi
